Year,State,Population,Number of agencies,Total law enforcement employees,Total male officers,Total female officers,Total male civilians,Total female civilians
2005,ALABAMA,3984466,282,12786,8058,689,1524,2515
2005,ALASKA,662033,41,1838,1058,116,201,463
2005,ARIZONA,5815860,99,20560,10364,1208,4091,4897
2005,ARKANSAS,2779961,265,8172,4871,564,1030,1707
2005,CALIFORNIA,31138193,451,111062,63540,9313,13579,24630
2005,COLORADO,4397035,227,15449,9245,1338,1519,3347
2005,CONNECTICUT,3510297,101,9628,7138,692,677,1121
2005,DELAWARE,843524,53,3183,2020,287,323,553
2005,DISTRICT OF COLUMBIA,550521,3,4811,3210,957,260,384
2005,FLORIDA,17661970,402,71146,36447,5995,10747,17957
2005,GEORGIA,8209878,459,28811,17924,2872,2730,5285
2005,HAWAII,1275194,4,3568,2547,275,212,534
2005,IDAHO,1426766,107,3679,2362,161,193,963
2005,ILLINOIS,12720852,761,51390,30964,5572,7003,7851
2005,INDIANA,6043427,244,16701,9839,778,2813,3271
2005,IOWA,2966334,234,7557,4641,368,914,1634
2005,KANSAS,2698592,342,10412,6471,614,1264,2063
2005,KENTUCKY,4167174,395,10219,7317,589,871,1442
2005,LOUISIANA,3713890,179,16901,11067,2555,873,2406
2005,MAINE,1320239,131,2886,2084,129,285,388
2005,MARYLAND,5599201,148,19745,12885,2047,1854,2959
2005,MASSACHUSETTS,6213692,331,19579,14940,1346,1363,1930
2005,MICHIGAN,10006482,617,26634,17001,2681,2951,4001
2005,MINNESOTA,4992123,317,12795,7367,941,1751,2736
2005,MISSISSIPPI,2441159,178,8502,4718,418,1357,2009
2005,MISSOURI,5607484,526,18588,11671,1248,2241,3428
2005,MONTANA,933609,109,2796,1505,108,471,712
2005,NEBRASKA,1687588,156,4613,3017,369,313,914
2005,NEVADA,2414807,36,8538,4445,521,1345,2227
2005,NEW HAMPSHIRE,1124982,139,3098,2175,173,213,537
2005,NEW JERSEY,8447923,532,40810,29346,2531,3217,5716
2005,NEW MEXICO,1809415,95,5537,3672,364,456,1045
2005,NEW YORK,17905562,409,83625,52544,8351,7380,15350
2005,NORTH CAROLINA,8586228,509,30132,18656,2417,4012,5047
2005,NORTH DAKOTA,634904,96,1591,1079,95,132,285
2005,OHIO,10491311,554,31100,19889,2383,3420,5408
2005,OKLAHOMA,3547884,298,10957,6454,538,1672,2293
2005,OREGON,3321523,152,7454,4726,536,524,1668
2005,PENNSYLVANIA,8268941,786,27474,20451,2613,1695,2715
2005,RHODE ISLAND,1069926,43,3206,2372,179,308,347
2005,SOUTH CAROLINA,4185868,373,15164,9832,1208,1584,2540
2005,SOUTH DAKOTA,774216,151,2271,1310,85,406,470
2005,TENNESSEE,5958488,445,24188,13680,1481,3736,5291
2005,TEXAS,22763951,1003,80720,44446,5236,13472,17566
2005,UTAH,2468942,126,7283,4268,373,1195,1447
2005,VERMONT,371547,69,1562,1066,92,139,265
2005,VIRGINIA,7566489,279,22316,15406,1927,1386,3597
2005,WASHINGTON,6278257,247,14144,9152,978,1305,2709
2005,WEST VIRGINIA,1800849,353,4096,3122,98,332,544
2005,WISCONSIN,5535323,369,18001,11223,1847,1690,3241
2005,WYOMING,505737,65,1792,1194,111,98,389
2006,ALABAMA,4459997,358,15697,9580,767,1952,3398
2006,ALASKA,669380,42,1937,1097,123,237,480
2006,ARIZONA,6153379,98,21434,10674,1258,4298,5204
2006,ARKANSAS,2809079,264,8266,4862,543,1104,1757
2006,CALIFORNIA,31660392,460,115912,65804,9679,14602,25827
2006,COLORADO,4752554,235,16471,9833,1465,1578,3595
2006,CONNECTICUT,3504809,101,9703,7166,709,709,1119
2006,DELAWARE,853476,53,3085,1950,297,297,541
2006,DISTRICT OF COLUMBIA,581530,3,4880,3233,963,279,405
2006,FLORIDA,18002234,450,74051,39192,6531,10355,17973
2006,GEORGIA,8663117,436,30854,18995,3167,2945,5747
2006,HAWAII,1285498,4,3654,2617,279,221,537
2006,IDAHO,1464850,107,3896,2422,172,248,1054
2006,ILLINOIS,12793900,757,52055,31478,5751,7021,7805
2006,INDIANA,5570912,208,15934,9449,748,2566,3171
2006,IOWA,2961632,231,7615,4667,373,969,1606
2006,KANSAS,2678243,327,10451,6469,616,1343,2023
2006,KENTUCKY,4106153,391,10194,7473,555,789,1377
2006,LOUISIANA,3792516,171,18969,11983,2796,1309,2881
2006,MAINE,1321574,133,2933,2076,126,314,417
2006,MARYLAND,5613488,149,20097,13006,2042,1939,3110
2006,MASSACHUSETTS,6378563,340,20410,15656,1376,1350,2028
2006,MICHIGAN,9825520,600,25896,16638,2590,2824,3844
2006,MINNESOTA,5030630,317,13179,7509,984,1868,2818
2006,MISSISSIPPI,2507121,193,9200,5158,466,1442,2134
2006,MISSOURI,5790380,552,19378,12265,1319,2371,3423
2006,MONTANA,943628,109,2753,1567,112,481,593
2006,NEBRASKA,1730689,156,4774,3078,375,385,936
2006,NEVADA,2495529,37,9080,4748,514,1400,2418
2006,NEW HAMPSHIRE,1156338,148,3197,2228,186,229,554
2006,NEW JERSEY,8444334,529,36456,26561,2452,2597,4846
2006,NEW MEXICO,1507980,75,4731,3106,315,425,885
2006,NEW YORK,18719867,402,86053,53597,8579,7820,16057
2006,NORTH CAROLINA,8851847,512,30671,18917,2502,3903,5349
2006,NORTH DAKOTA,632973,93,1619,1080,98,146,295
2006,OHIO,10476045,563,29607,19063,2226,3290,5028
2006,OKLAHOMA,3579212,296,11001,6513,545,1711,2232
2006,OREGON,2928366,171,7471,4173,383,1110,1805
2006,PENNSYLVANIA,8387382,783,27811,20785,2629,1685,2712
2006,RHODE ISLAND,1067610,47,3223,2380,181,311,351
2006,SOUTH CAROLINA,4275140,365,14332,9343,1254,1348,2387
2006,SOUTH DAKOTA,775859,141,2070,1146,85,364,475
2006,TENNESSEE,6034250,450,24121,13587,1397,4051,5086
2006,TEXAS,23183189,981,81462,44192,5278,13736,18256
2006,UTAH,2549402,129,7502,4172,323,1487,1520
2006,VERMONT,372588,69,1567,1072,91,130,274
2006,VIRGINIA,7641879,280,22872,15656,2016,1447,3753
2006,WASHINGTON,6385798,246,14420,9259,1001,1374,2786
2006,WEST VIRGINIA,1802755,339,4208,3225,108,321,554
2006,WISCONSIN,5553640,370,18111,11192,1846,1802,3271
2006,WYOMING,511433,65,1862,1203,110,117,432
2007,ALABAMA,4533379,363,16347,9919,752,2048,3628
2007,ALASKA,681180,40,1888,1088,116,235,449
2007,ARIZONA,6054541,94,22144,11041,1313,4469,5321
2007,ARKANSAS,2832708,272,8455,5006,580,1107,1762
2007,CALIFORNIA,31683834,459,120976,68521,9995,15269,27191
2007,COLORADO,4807287,228,16756,9939,1448,1754,3615
2007,CONNECTICUT,3502309,101,9873,7262,711,783,1117
2007,DELAWARE,853364,53,3125,1952,284,337,552
2007,DISTRICT OF COLUMBIA,588292,3,5021,3320,982,291,428
2007,FLORIDA,18251243,461,74562,38409,6251,11046,18856
2007,GEORGIA,7708266,350,28979,17594,3391,2508,5486
2007,HAWAII,1283388,4,3678,2596,285,237,560
2007,IDAHO,1496944,107,4068,2484,174,424,986
2007,ILLINOIS,12813230,757,53537,31524,5778,7748,8487
2007,INDIANA,5961949,242,16163,9944,766,2460,2993
2007,IOWA,2976754,234,7812,4760,394,995,1663
2007,KANSAS,2691761,330,10532,6567,654,1295,2016
2007,KENTUCKY,4210320,377,10301,7524,545,844,1388
2007,LOUISIANA,3983159,185,20981,12577,2556,2018,3830
2007,MAINE,1294381,132,3012,2125,136,339,412
2007,MARYLAND,5439792,130,20600,13396,2069,1957,3178
2007,MASSACHUSETTS,6366891,333,20325,15479,1348,1421,2077
2007,MICHIGAN,10018999,624,26318,16835,2645,2990,3848
2007,MINNESOTA,5065797,320,13514,7676,1038,1999,2801
2007,MISSISSIPPI,2375636,170,8651,4782,440,1303,2126
2007,MISSOURI,5835175,576,19951,12740,1382,2187,3642
2007,MONTANA,957619,108,2741,1625,109,454,553
2007,NEBRASKA,1700074,158,4621,2988,361,343,929
2007,NEVADA,2565382,37,9537,5718,677,747,2395
2007,NEW HAMPSHIRE,1167387,148,3256,2287,179,248,542
2007,NEW JERSEY,8405701,529,41672,29733,2674,3395,5870
2007,NEW MEXICO,1850280,95,5644,3710,373,499,1062
2007,NEW YORK,18883746,427,86952,53742,8579,8019,16612
2007,NORTH CAROLINA,9036361,496,30631,19098,2405,3932,5196
2007,NORTH DAKOTA,638897,99,1664,1090,110,181,283
2007,OHIO,10072335,625,30950,19591,2299,3547,5513
2007,OKLAHOMA,3617316,294,11266,6735,548,1657,2326
2007,OREGON,3712636,202,10022,5349,623,1680,2370
2007,PENNSYLVANIA,9052251,997,29582,22245,2696,1771,2870
2007,RHODE ISLAND,1057832,47,3240,2392,186,305,357
2007,SOUTH CAROLINA,4406102,379,14999,9739,1295,1384,2581
2007,SOUTH DAKOTA,792578,142,2220,1323,97,346,454
2007,TENNESSEE,6150558,446,24698,13898,1448,4349,5003
2007,TEXAS,23413736,995,84403,45425,5552,14424,19002
2007,UTAH,2644187,131,7827,4315,315,1579,1618
2007,VERMONT,342945,63,1481,1019,88,123,251
2007,VIRGINIA,7710724,280,23306,15987,2094,1444,3781
2007,WASHINGTON,6459529,248,14637,9394,973,1423,2847
2007,WEST VIRGINIA,1799090,345,4212,3189,110,351,562
2007,WISCONSIN,5598633,373,18732,11175,1795,2119,3643
2007,WYOMING,519988,67,2092,1280,124,179,509
2008,ALABAMA,4437374,350,16172,9988,787,2005,3392
2008,ALASKA,686293,43,1963,1144,116,234,469
2008,ARIZONA,6382545,95,22912,11520,1380,4537,5475
2008,ARKANSAS,2850876,275,9678,5560,504,1326,2288
2008,CALIFORNIA,31804738,459,123506,70594,10692,14739,27481
2008,COLORADO,4869988,224,16859,10117,1491,1711,3540
2008,CONNECTICUT,3501252,102,10657,7845,787,812,1213
2008,DELAWARE,871838,52,3159,1998,298,323,540
2008,DISTRICT OF COLUMBIA,591833,2,5190,3455,1000,291,444
2008,FLORIDA,18297732,402,73872,38114,6362,10849,18547
2008,GEORGIA,8931253,427,33209,20514,3775,2996,5924
2008,HAWAII,1288198,4,3795,2687,310,245,553
2008,IDAHO,1519310,106,4461,2512,174,520,1255
2008,ILLINOIS,12846505,749,52561,31496,5752,7392,7921
2008,INDIANA,5623508,222,15877,9690,770,2469,2948
2008,IOWA,2967083,232,8031,4770,398,1093,1770
2008,KANSAS,2550708,331,10284,6198,613,1416,2057
2008,KENTUCKY,4141804,365,10188,7275,534,1026,1353
2008,LOUISIANA,4293435,200,22621,13960,3346,1586,3729
2008,MAINE,1315497,133,2961,2107,138,308,408
2008,MARYLAND,5456159,132,20797,13538,2081,1988,3190
2008,MASSACHUSETTS,6281021,331,20173,15250,1359,1490,2074
2008,MICHIGAN,9948437,618,26495,17010,2494,3028,3963
2008,MINNESOTA,5145905,320,13697,7805,1063,2005,2824
2008,MISSISSIPPI,2489444,167,8243,4648,429,1271,1895
2008,MISSOURI,5860645,578,20319,13039,1398,2231,3651
2008,MONTANA,931062,104,2661,1545,106,445,565
2008,NEBRASKA,1770070,165,4810,3106,385,342,977
2008,NEVADA,2600167,37,8841,5194,534,866,2247
2008,NEW HAMPSHIRE,1156970,147,3373,2367,199,245,562
2008,NEW JERSEY,8400257,546,42022,29640,2739,3669,5974
2008,NEW MEXICO,1805058,97,5765,3730,390,548,1097
2008,NEW YORK,18103583,342,80949,52722,8607,5780,13840
2008,NORTH CAROLINA,9189952,499,32028,19488,2563,4368,5609
2008,NORTH DAKOTA,640830,100,1673,1110,114,179,270
2008,OHIO,9715611,607,31469,19541,2309,4014,5605
2008,OKLAHOMA,3642361,304,11553,7002,693,1578,2280
2008,OREGON,3752587,202,9965,5276,614,1702,2373
2008,PENNSYLVANIA,9356098,937,29641,22290,2698,1792,2861
2008,RHODE ISLAND,1050788,48,3240,2403,180,299,358
2008,SOUTH CAROLINA,4479234,381,15316,10061,1288,1395,2572
2008,SOUTH DAKOTA,800171,142,2273,1347,85,344,497
2008,TENNESSEE,6209570,449,25067,14016,1513,4366,5172
2008,TEXAS,24229899,1004,87479,46909,5766,14755,20049
2008,UTAH,2735255,131,7719,4362,344,1516,1497
2008,VERMONT,271869,43,1299,874,81,116,228
2008,VIRGINIA,7767656,279,23748,16265,2193,1446,3844
2008,WASHINGTON,6538812,245,14980,9605,1000,1471,2904
2008,WEST VIRGINIA1,,,,,,,
2008,WISCONSIN,5607356,376,18648,11230,1808,2061,3549
2008,WYOMING,528864,65,2029,1285,107,153,484
2008,1 No 2008 police employee data were received for the state of  West Virginia.,,,,,,,
2009,ALABAMA,4587633,349,16917,10438,807,2151,3521
2009,ALASKA,696273,39,1977,1156,106,246,469
2009,ARIZONA,6482281,106,22910,11596,1375,4534,5405
2009,ARKANSAS,2888639,281,9970,5682,518,1478,2292
2009,CALIFORNIA,31832381,461,121879,69749,10572,14550,27008
2009,COLORADO,5018161,233,17435,10286,1499,1868,3782
2009,CONNECTICUT,3518288,104,10556,7830,792,768,1166
2009,DELAWARE,884765,54,3127,1986,310,310,521
2009,DISTRICT OF COLUMBIA,599657,2,5189,3492,981,292,424
2009,FLORIDA,17648382,365,72235,37894,6224,10001,18116
2009,GEORGIA,9154201,444,34809,21107,3921,3413,6368
2009,HAWAII,1295178,4,3802,2684,306,251,561
2009,IDAHO,1543324,108,4215,2511,179,320,1205
2009,ILLINOIS,12675815,736,50833,30663,5574,6940,7656
2009,INDIANA,5995956,242,16856,10326,907,2638,2985
2009,IOWA,2988922,234,8057,4842,439,1067,1709
2009,KANSAS,2498126,342,10227,6151,610,1388,2078
2009,KENTUCKY,4239650,395,10483,7700,548,925,1310
2009,LOUISIANA,2771692,156,15453,9215,1925,1605,2708
2009,MAINE,1317341,134,2859,2117,134,245,363
2009,MARYLAND,5519662,131,20609,13584,2080,1863,3082
2009,MASSACHUSETTS,6396251,324,16783,12802,1153,1138,1690
2009,MICHIGAN,9845506,630,25419,16302,2498,2935,3684
2009,MINNESOTA,5180883,320,13709,7806,1076,1984,2843
2009,MISSISSIPPI,2675080,192,8764,4924,493,1419,1928
2009,MISSOURI,5874396,555,20486,13218,1420,2160,3688
2009,MONTANA,972240,110,2965,1678,102,539,646
2009,NEBRASKA,1750280,162,4815,3124,394,334,963
2009,NEVADA,2643085,45,10115,5410,574,1440,2691
2009,NEW HAMPSHIRE,1166104,149,3353,2349,192,246,566
2009,NEW JERSEY,8415289,543,41609,29437,2653,3510,6009
2009,NEW MEXICO,1958665,107,6615,4048,427,844,1296
2009,NEW YORK,19120958,436,83941,53588,8572,7711,14070
2009,NORTH CAROLINA,9260266,499,32357,19851,2455,4583,5468
2009,NORTH DAKOTA,646844,103,1735,1128,132,176,299
2009,OHIO,10223161,610,29797,19818,2292,2720,4967
2009,OKLAHOMA,3681857,318,11984,7250,698,1718,2318
2009,OREGON,3790072,207,10230,5447,588,1821,2374
2009,PENNSYLVANIA,9523147,952,29505,22382,2628,1670,2825
2009,RHODE ISLAND,1053209,48,3191,2370,184,290,347
2009,SOUTH CAROLINA,3779301,268,12881,8449,1112,1130,2190
2009,SOUTH DAKOTA,809838,143,2336,1396,88,351,501
2009,TENNESSEE,6293243,454,25407,14385,1505,4302,5215
2009,TEXAS,24590665,1010,89867,48579,6278,15472,19538
2009,UTAH,2783798,133,7830,4430,355,1460,1585
2009,VERMONT,303744,52,1419,976,96,108,239
2009,VIRGINIA,7880881,279,23395,16168,2155,1313,3759
2009,WASHINGTON,6642851,243,14862,9612,981,1447,2822
2009,WEST VIRGINIA,1810824,347,4460,3362,114,374,610
2009,WISCONSIN,5648330,389,19156,11326,1794,2399,3637
2009,WYOMING,540376,66,2072,1331,115,145,481
2010,ALABAMA,4637287,346,16205,10134,796,2016,3259
2010,ALASKA,709604,40,1944,1116,103,256,469
2010,ARIZONA,6304972,106,22130,11261,1345,4336,5188
2010,ARKANSAS,2913580,280,9964,5671,504,1471,2318
2010,CALIFORNIA,32115492,460,118884,68635,10361,14336,25552
2010,COLORADO,5026084,234,17071,10074,1462,1892,3643
2010,CONNECTICUT,3574097,103,10476,7812,807,788,1069
2010,DELAWARE,897563,54,3170,2006,317,311,536
2010,DISTRICT OF COLUMBIA,601723,1,4477,3046,899,210,322
2010,FLORIDA,17887439,361,72390,37849,6389,10229,17923
2010,GEORGIA,8639939,426,32780,20552,4029,2668,5531
2010,HAWAII,1360301,4,3725,2654,293,235,543
2010,IDAHO,1565006,110,4341,2603,190,314,1234
2010,ILLINOIS,12749781,778,49849,29991,5452,6968,7438
2010,INDIANA,5852251,237,15577,9808,761,2315,2693
2010,IOWA,3038644,238,8085,4875,428,1079,1703
2010,KANSAS,2600455,337,10565,6388,609,1390,2178
2010,KENTUCKY,4098561,344,10104,7526,525,773,1280
2010,LOUISIANA,3407020,147,18493,11270,2554,1712,2957
2010,MAINE,1327392,134,2839,2109,141,242,347
2010,MARYLAND,5593253,132,20467,13410,2085,1891,3081
2010,MASSACHUSETTS,6493971,347,19574,14786,1366,1356,2066
2010,MICHIGAN,9709589,629,24426,15772,2457,2737,3460
2010,MINNESOTA,5220467,322,13509,7761,1064,1936,2748
2010,MISSISSIPPI,2795693,190,10325,5636,518,1715,2456
2010,MISSOURI,5882476,564,20375,13156,1444,2185,3590
2010,MONTANA,988583,115,2941,1754,105,477,605
2010,NEBRASKA,1778848,158,4835,3134,393,346,962
2010,NEVADA,2700551,44,9873,5301,580,1430,2562
2010,NEW HAMPSHIRE,1192506,153,3441,2401,205,255,580
2010,NEW JERSEY,8491420,545,39996,28461,2604,3297,5634
2010,NEW MEXICO,2008152,109,6030,3957,436,549,1088
2010,NEW YORK,19194379,466,83394,53432,8481,7664,13817
2010,NORTH CAROLINA,9530637,510,32755,20401,2519,4426,5409
2010,NORTH DAKOTA,668266,107,1840,1205,134,193,308
2010,OHIO,9362390,607,27987,17782,1901,3465,4839
2010,OKLAHOMA,3749477,330,11667,7073,569,1692,2333
2010,OREGON,3794249,209,10195,5524,606,1746,2319
2010,PENNSYLVANIA,9609935,987,29488,22509,2646,1536,2797
2010,RHODE ISLAND,1052567,48,3164,2356,182,286,340
2010,SOUTH CAROLINA,4220787,274,14030,9134,1220,1349,2327
2010,SOUTH DAKOTA,812168,142,2411,1413,98,384,516
2010,TENNESSEE,6341016,453,25671,14474,1543,4405,5249
2010,TEXAS,25006973,1011,89897,48620,6272,15209,19796
2010,UTAH,2763885,135,6987,4499,371,871,1246
2010,VERMONT,365443,69,1516,1059,99,119,239
2010,VIRGINIA,7998552,279,23390,16199,2181,1368,3642
2010,WASHINGTON,6708828,259,14555,9451,954,1460,2690
2010,WEST VIRGINIA,1841354,351,4415,3361,112,360,582
2010,WISCONSIN,5671361,393,19423,11328,1767,2544,3784
2010,WYOMING,559627,66,1962,1295,108,125,434
2011,ALABAMA,4463637,342,16185,10019,756,2015,3395
2011,ALASKA,722151,40,1990,1179,106,238,467
2011,ARIZONA,6123315,108,20759,10810,1259,3880,4810
2011,ARKANSAS,2925872,276,9074,5265,498,1321,1990
2011,CALIFORNIA,32336199,463,116797,67432,10152,13729,25484
2011,COLORADO,5061016,235,16700,9864,1391,1834,3611
2011,CONNECTICUT,3580709,103,10254,7570,785,820,1079
2011,DELAWARE,906750,54,3139,1954,320,317,548
2011,DISTRICT OF COLUMBIA,617996,2,4919,3303,1012,277,327
2011,FLORIDA,18108630,357,71906,38145,6468,9772,17521
2011,GEORGIA,9110316,458,34432,21368,3964,3156,5944
2011,HAWAII,1374810,4,3733,2666,294,232,541
2011,IDAHO,1580103,108,4251,2588,171,289,1203
2011,ILLINOIS,11898578,690,46335,27917,5163,6459,6796
2011,INDIANA,6119628,244,15851,9878,761,2511,2701
2011,IOWA,2990283,235,7573,4676,400,910,1587
2011,KANSAS,2541382,320,10058,6004,590,1433,2031
2011,KENTUCKY,3695575,287,9063,6572,473,825,1193
2011,LOUISIANA,4006987,181,20593,12702,2870,1583,3438
2011,MAINE,1327672,135,2819,2121,136,214,348
2011,MARYLAND,5655068,131,20453,13402,2050,1981,3020
2011,MASSACHUSETTS,6489247,341,19771,14962,1363,1425,2021
2011,MICHIGAN,9850684,603,23744,15366,2322,2766,3290
2011,MINNESOTA,5263708,321,13409,7749,1040,1895,2725
2011,MISSISSIPPI,2014546,134,6216,3669,367,861,1319
2011,MISSOURI,5911375,560,20158,13062,1424,2171,3501
2011,MONTANA,996168,112,3022,1793,114,465,650
2011,NEBRASKA,1797644,156,4893,3147,389,367,990
2011,NEVADA,2247950,26,8325,4357,472,1291,2205
2011,NEW HAMPSHIRE,1196658,155,3473,2413,221,243,596
2011,NEW JERSEY,8520270,538,36854,26133,2424,3242,5055
2011,NEW MEXICO,2010149,112,6181,4063,441,578,1099
2011,NEW YORK,19218297,449,81795,52646,8292,7412,13445
2011,NORTH CAROLINA,9653354,513,33061,20504,2573,4608,5376
2011,NORTH DAKOTA,678227,103,1864,1215,145,173,331
2011,OHIO,10255737,617,30000,19423,2197,3433,4947
2011,OKLAHOMA,3791508,337,11978,7178,561,1816,2423
2011,OREGON,3837283,213,10057,5502,610,1721,2224
2011,PENNSYLVANIA,9530934,966,31245,23120,2684,2062,3379
2011,RHODE ISLAND,1051302,48,3091,2308,182,264,337
2011,SOUTH CAROLINA,4678921,384,15689,10207,1383,1530,2569
2011,SOUTH DAKOTA,821001,138,2833,1441,102,559,731
2011,TENNESSEE,6399226,453,25784,14594,1501,4448,5241
2011,TEXAS,25494380,1023,89839,49119,6267,14895,19558
2011,UTAH,2808993,135,6965,4475,338,907,1245
2011,VERMONT,372484,68,1503,1040,107,115,241
2011,VIRGINIA,8093016,280,23443,16163,2189,1384,3707
2011,WASHINGTON,6813350,259,14315,9277,990,1446,2602
2011,WEST VIRGINIA,1843538,353,4417,3324,116,369,608
2011,WISCONSIN,5704599,393,18968,11077,1729,2449,3713
2011,WYOMING,567714,70,2207,1402,134,155,516
2012,ALABAMA,3793835,279,12745,7951,682,1574,2538
2012,ALASKA,729244,37,1968,1177,106,237,448
2012,ARIZONA,6553255,124,22999,11625,1389,4556,5429
2012,ARKANSAS,2948787,279,9148,5332,504,1309,2003
2012,CALIFORNIA,32610316,462,117268,66892,10181,14694,25501
2012,COLORADO,5174997,238,17270,10125,1441,1944,3760
2012,CONNECTICUT,3590347,104,10271,7667,807,745,1052
2012,DELAWARE,916825,55,3151,1987,315,315,534
2012,DISTRICT OF COLUMBIA,632323,2,4976,3355,960,282,379
2012,FLORIDA,16672179,333,65683,34959,5960,9261,15503
2012,GEORGIA,9416852,493,34769,21837,4230,2775,5927
2012,HAWAII,1392313,4,3720,2657,285,238,540
2012,IDAHO,1573210,106,4265,2579,158,316,1212
2012,ILLINOIS,11569093,581,45505,26945,4948,7007,6605
2012,INDIANA,4502197,161,12032,8133,670,1405,1824
2012,IOWA,2731249,229,7375,4353,342,1086,1594
2012,KANSAS,2404632,313,9675,5869,586,1261,1959
2012,KENTUCKY,4059632,336,9728,7111,512,819,1286
2012,LOUISIANA,3792686,159,19364,12197,2881,1144,3142
2012,MAINE,1328674,136,2826,2108,147,219,352
2012,MARYLAND,5711397,128,17956,12080,1937,1389,2550
2012,MASSACHUSETTS,6450418,329,19282,14721,1325,1311,1925
2012,MICHIGAN,9855046,588,23165,14924,2199,2816,3226
2012,MINNESOTA,5292552,319,13476,7754,1047,1971,2704
2012,MISSISSIPPI,1560540,95,5662,3224,377,887,1174
2012,MISSOURI,5715097,532,19487,12469,1381,2270,3367
2012,MONTANA,873898,99,2405,1592,113,249,451
2012,NEBRASKA,1812244,160,4943,3155,380,420,988
2012,NEVADA,2758931,53,9447,5139,539,1345,2424
2012,NEW HAMPSHIRE,1204043,156,3436,2413,216,225,582
2012,NEW JERSEY,8566377,541,37881,26339,2609,3372,5561
2012,NEW MEXICO,1966211,106,6023,3919,442,576,1086
2012,NEW YORK,18350544,409,79358,51100,8105,7134,13019
2012,NORTH CAROLINA,9749062,517,33353,20524,2614,4814,5401
2012,NORTH DAKOTA,698507,104,1968,1294,150,174,350
2012,OHIO,7466543,373,19288,13218,1631,1558,2881
2012,OKLAHOMA,3814820,346,12445,7362,591,2061,2431
2012,OREGON,3862840,219,9918,5473,584,1706,2155
2012,PENNSYLVANIA,9815035,1003,30203,22824,2596,1848,2935
2012,RHODE ISLAND,1050292,49,3045,2283,175,254,333
2012,SOUTH CAROLINA,4594608,320,15135,9593,1241,1673,2628
2012,SOUTH DAKOTA,830046,143,2820,1490,105,543,682
2012,TENNESSEE,6445821,445,26268,14842,1552,4615,5259
2012,TEXAS,23778955,984,72877,40996,5311,12260,14310
2012,UTAH,2855287,137,7042,4576,354,888,1224
2012,VERMONT,379426,72,1677,1097,136,144,300
2012,VIRGINIA,8183013,281,23625,16405,2204,1335,3681
2012,WASHINGTON,6880100,256,14212,9192,936,1548,2536
2012,WEST VIRGINIA,1843496,355,4475,3397,131,359,588
2012,WISCONSIN,5687485,388,18638,10949,1691,2491,3507
2012,WYOMING,574786,68,2074,1346,114,161,453
2013,ALABAMA,4255554,296,14173,8773,719,1718,2963
2013,ALASKA,732933,36,1937,1202,110,187,438
2013,ARIZONA,6452958,96,21192,10702,1253,4343,4894
2013,ARKANSAS,2931406,275,9250,5402,491,1321,2036
2013,CALIFORNIA,32855611,460,117322,66880,10032,14813,25597
2013,COLORADO,5250935,236,17441,10389,1592,1803,3657
2013,CONNECTICUT,3596080,102,10349,7716,801,778,1054
2013,DELAWARE,924670,54,3168,2021,318,318,511
2013,DISTRICT OF COLUMBIA,646449,2,5065,3546,1033,201,285
2013,FLORIDA,17707637,345,67816,36331,6015,9096,16374
2013,GEORGIA,7874446,384,29070,18027,3471,2408,5164
2013,HAWAII,1404054,4,3658,2612,274,244,528
2013,IDAHO,1611052,108,4272,2547,160,297,1268
2013,ILLINOIS,4224723,262,14563,8606,814,2473,2670
2013,INDIANA,3577585,111,9693,6509,545,1223,1416
2013,IOWA,2940917,228,7747,4635,400,1070,1642
2013,KANSAS,2335161,299,9249,5619,555,1254,1821
2013,KENTUCKY,3664515,306,9120,6632,460,783,1245
2013,LOUISIANA,1876708,54,10987,6635,1593,840,1919
2013,MAINE,1327788,132,2806,2095,148,218,345
2013,MARYLAND,5927650,153,22726,15092,2220,2276,3138
2013,MASSACHUSETTS,6491295,331,19650,14915,1378,1385,1972
2013,MICHIGAN,9839233,621,22669,14716,2193,2713,3047
2013,MINNESOTA,5336155,316,13348,7699,1044,1997,2608
2013,MISSISSIPPI,1213729,66,4609,2595,308,653,1053
2013,MISSOURI,5938974,561,20093,13010,1390,2204,3489
2013,MONTANA,965672,98,2542,1575,109,328,530
2013,NEBRASKA,1817308,152,4915,3126,371,416,1002
2013,NEVADA,2790136,36,8812,4852,507,1277,2176
2013,NEW HAMPSHIRE,1206956,155,3432,2396,216,241,579
2013,NEW JERSEY,7966491,479,31931,22309,2151,3038,4433
2013,NEW MEXICO,164145,28,511,320,33,64,94
2013,NEW YORK,17856511,361,78497,50474,8054,7085,12884
2013,NORTH CAROLINA,9732673,514,33505,20630,2628,4831,5416
2013,NORTH DAKOTA,722555,104,1992,1310,161,169,352
2013,OHIO,5370790,212,16934,11695,1452,1288,2499
2013,OKLAHOMA,3849983,324,12216,7224,617,2005,2370
2013,OREGON,3894070,215,9787,5391,568,1695,2133
2013,PENNSYLVANIA,9796604,1030,30082,22699,2579,1800,3004
2013,RHODE ISLAND,1051511,48,3056,2251,183,277,345
2013,SOUTH CAROLINA,4716123,362,15050,10115,1406,1261,2268
2013,SOUTH DAKOTA,840617,131,2652,1429,100,494,629
2013,TENNESSEE,6489858,452,26564,15002,1593,4702,5267
2013,TEXAS,22415430,982,78457,41008,5051,14068,18330
2013,UTAH,2156475,101,4776,2981,255,674,866
2013,VERMONT,624228,87,1575,1051,107,155,262
2013,VIRGINIA,8258885,283,23766,16550,2206,1316,3694
2013,WASHINGTON,6954564,256,14609,9358,983,1598,2670
2013,WEST VIRGINIA,1840871,351,4496,3413,121,358,604
2013,WISCONSIN,5698086,389,17989,10826,1678,2218,3267
2013,WYOMING,566020,63,2291,1415,190,195,491
